epoch,time,train/box_loss,train/cls_loss,train/dfl_loss,metrics/precision(B),metrics/recall(B),metrics/mAP50(B),metrics/mAP50-95(B),val/box_loss,val/cls_loss,val/dfl_loss,lr/pg0,lr/pg1,lr/pg2,lr/pg3,lr/pg4,lr/pg5,lr/pg6,lr/pg7
1,260.464,1.54762,3.99415,1.47028,0.00245,0.65979,0.0739,0.03974,1.27574,3.94161,1.29437,0.00195455,0.000651515,0.00195455,0.000651515,0.00195455,0.000651515,0.00195455,0.000651515
2,532.785,1.32353,3.3793,1.19741,0.03271,0.42268,0.26799,0.16699,1.22844,3.45802,1.15609,0.0037588,0.00125293,0.0037588,0.00125293,0.0037588,0.00125293,0.0037588,0.00125293
